exactly,need,unproven,dangerous,supplements,legalized,know,ones,shill,
known,nitrites,processed,meats,decades,nice,reminder,meat,risky,diet,nitrite,compounds,used,processing,heated,metabolites,cooking,
take,whilst,academy,find,rule,says,acceptable,participate,professional,sport,even,academy,level,taking,performance,enhancing,drugs,
hear,saying,take,issue,medical,professional,recommending,health,immune,building,supplements,corporate,pharma,forcing,untested,ineffective,many,cases,lethal,injection,masses,power,financial,gain,
beatdown,slam,music,mercurial,weightlifter,bread,diet,twinked,muffintop,bladee,pick,anon,
boiled,unseasoned,leathery,chicken,blended,chicken,protein,smoothies,seasoning,everything,
supplements,protocols,weekly,basisfeel,conjunction,deloads,work,demands,daily,athletic,greens,
never,career,begin,taking,growth,hormones,viewed,performance,enhancing,drugs,
played,pathfinder,lots,adventuressupplements,
wonder,baseball,fans,share,disgust,sports,principal,commentators,arod,whose,career,tarnished,taking,performanceenhancing,drugs,popi,ortiz,barely,speak,english,unintelligible,
mrna,vaccines,well,first,stick,needle,inject,vaccine,mrna,corresponding,target,protein,triggering,cells,produce,protein,causes,immunity,mrna,dissipates,done,quite,remarkable,technology,
reducing,sugar,diet,mcpeak,ready,drink,wellness,powders,perfect,solution,delicious,sugar,vitamin,vitamin,acerola,cherry,zinc,superfoods,adaptogens,mushrooms,probiotics,prebiotics,made,
trending,bulksupplements,kidney,supplements,used,many,part,total,body,wellness,routine,shop,bulksupps,quality,trust,prices,love,discover,kidney,supplements,right,
european,union,approved,acheta,protein,food,additive,crickets,google,hits,subject,things,like,crickets,craze,protein,source,
maybe,taking,performance,enhancing,drugs,took,pretty,hard,chest,know,hinting,abolutely,proof,funny,drugs,killing,suddenly,died,
give,reece,james,performance,enhancing,drugs,dudes,
diet,losers,
people,western,diet,deficient,take,vitamins,swallow,supplements,address,vitamin,absorption,issues,
michelle,museum,forget,take,meds,supplements,healing,energy,hugs,around,
amazon,deal,found,quest,nutrition,blueberry,muffin,protein,bars,high,protein,carb,gluten,free,keto,friendly,count,price,clip,coupon,deals,amazon,free,
food,drug,administration,announced,thursday,develop,rules,allow,hempderived,sold,dietary,supplements,foods,sending,shockwaves,hemp,industry,
almost,exclusively,wore,shlubby,shirts,shorts,tube,socks,played,video,games,conference,calls,major,investors,candid,performanceenhancing,drugs,melt,
might,ones,whose,body,cleared,spike,protein,harm,done,
maybe,stop,vaccinating,pathogenic,wuhan,spike,consistent,studies,published,others,work,shows,spike,protein,drives,omicron,pathogenicity,instead,viral,proteins,
oprah,peddling,brand,gummy,health,supplements,
intermittent,fasting,keto,diet,beginners,lazy,ketogenic,guide,lose,weight,fast,heal,body,crack,weight,loss,motivation,code,meal,prep,clarity,
quote,explains,links,racism,western,viewpoint,needing,meat,protein,strong,masculine,intended,wipe,histories,cultures,communities,plantbased,sources,protein,thrive,diet,
never,learn,lesson,keep,taking,meal,supplements,relentlessly,hungry,
testogen,capsules,safely,increase,testosterone,levels,improves,energy,performance,muscle,growth,libido,loss,click,testosterone,boosting,supplements,actually,work,
soda,diet,coke,
annoying,diet,version,qanon,
furthermore,undeniably,true,opposite,happened,people,definitely,died,info,suppressed,supplements,take,alternate,meds,helped,actual,docs,posting,anecdotal,evidence,knowing,remdesevir,vaccine,concerns,
miss,opportunity,koacombat,delivers,betting,platform,supplements,defi,crypto,koala,addy,0x6769d86f9c430f5ac6d9c861a0173613f1c5544c,
natural,flavors,otherwise,known,mono,sodium,glutamate,salt,water,essential,amino,acid,glutamate,hydrolyzed,vegetable,protein,vegetable,protein,extract,yeast,extract,autolyzed,yeast,adds,umami,flavor,humans,crave,
protein,shake,achievement,grounded,points,trueachievements,
needed,vitakib,supplements,
rather,thread,performance,enhancing,drugs,back,training,
michelle,taken,medications,supplements,today,healing,energy,moar,hugs,
defined,quickly,supplements,taking,
chai,latte,protein,powder,influencer,girls,push,soylent,green,promised,energy,slim,waist,
antitox,liquid,remedies,homeopathic,liquid,dietary,supplements,
cartier,diet,thang,
whey,protein,supplement,review,watch,video,like,share,comment,
little,vanilla,almond,spiced,chai,protein,smoothie,trader,joes,moment,
vaccine,language,different,wellness,supplements,prevent,severe,outcomes,might,zinc,fraud,sellout,going,coasting,massaged,data,plausible,deniability,years,think,fine,
every,race,institute,athlete,previously,served,suspension,performance,enhancing,drugs,eligible,prize,money,several,marathons,currently,
morda,kwraaaaah,find,milk,diet,need,protein,leave,clearly,know,going,
millions,people,take,expensive,supplements,think,make,expensive,urine,supplements,really,need,find,
elisa,serology,assay,test,antibodies,protein,rdrp,binding,mentions,human,
diet,morbidly,obese,suggesting,along,joint,supplements,mild,pain,meds,need,
jerry,free,wants,chicken,complex,diet,
think,people,often,assume,supplements,licence,medication,safe,give,things,seen,listed,supplements,long,covid,seemingly,innocent,deeper,used,long,term,interacted,meds,
definitely,something,said,fashion,industry,haute,couture,made,expectations,made,different,body,types,shunned,industry,proud,crash,diet,went,dress,
asked,last,time,protein,
baby,nicki,need,diet,plan,slap,momma,diet,plan,
optimum,nutrition,platinum,hydrowhey,protein,supplement,review,like,share,comment,
love,giving,illusion,healthy,taking,daily,supplements,chlorophyll,water,
interesting,fact,supplements,using,hydroxypropylbetaclyclodextrin,improve,bioavailability,ingredients,hydroxypropylbetaclyclodextrin,main,ingredient,fabreeze,saying,anything,wrong,weird,
liver,fish,holland,barrett,centrum,multivitamin,supplements,soluble,vitamin,
sees,eating,adventure,grew,poor,went,hungry,times,loves,comfort,food,grew,affluent,environment,used,varied,diet,
yuuuup,came,comment,gorilla,mind,supplements,hands,best,used,versions,stims,fine,like,overdosed,caffeine,like,brands,
diet,days,week,lost,
also,obsessed,diet,coke,reason,
labrada,nutrition,supplements,first,order,watch,video,like,share,comment,
nobody,talking,race,talking,culture,includes,different,diets,different,family,structures,differences,different,healthcare,needs,south,fried,food,high,level,diabetes,obesity,
yeah,taken,supplements,chemo,week,sounded,weird,rolled,anyway,blaming,chemo,brain,
march,luck,fair,wind,choucroute,maitre,kanter,whatever,called,f00k,diet,beautiful,still,thin,rake,photo,readers,
weird,vast,majority,cultures,throughout,human,history,included,animals,diet,
bought,protein,puddings,shit,texture,like,quartz,slurry,
diet,coke,
alternatives,look,healthy,foods,supplements,herbal,medicines,
barf,diets,make,food,treats,half,adopted,
wonder,fake,journalists,ever,person,physical,appearance,greatly,altered,pharmaceutical,supplements,stevie,wonder,notice,something,
came,across,supplements,trying,compile,everything,find,tackled,religionmythfolklore,skimmed,system,
daily,rosuvastatin,lowered,total,cholesterol,serum,triglycerides,placebo,common,overcounter,dietary,supplements,supplement,lowering,placebo,cardiotwitter,
researchers,university,hospital,bonn,university,freiburg,gained,insight,organization,proteins,mitochondria,learn,
need,fibre,diet,
dandelion,root,alternative,coffee,nothing,beat,decent,coffee,morning,health,benefits,second,none,world,also,lions,mane,supplements,game,changer,lifting,brain,
anemic,able,take,iron,supplements,might,help,
previously,world,marathon,record,holder,eliud,kipchoge,spoke,performanceenhancing,drugs,
stay,form,chin,morning,claims,consecutive,pushups,tries,follow,ketogenic,diet,increases,protein,reduces,glucose,every,weeks,fasts,
spiribirds,actually,part,diet,tasty,little,snacks,
yeah,wish,people,knew,unregulated,even,supplements,always,willing,learn,
okay,want,lose,like,right,time,might,protein,shake,twomad,everyday,means,need,source,electrolytes,
growing,abyss,entity,needs,protein,
thanks,thoughts,prayers,zeus,made,back,home,back,normal,self,maybe,little,attention,starved,make,sure,take,care,also,special,diet,medicine,rest,life,glad,baby,back,
bought,hella,vitamins,supplements,today,excited,stage,bettering,overall,health,
intermittent,fasting,powerful,tool,general,healthy,diet,lifestyle,regime,nutritionalmedicine,intermittentfasting,metabolichealth,
brunch,consisting,pancakes,pieces,bacon,scrambled,eggs,hours,hungry,dinner,google,search,protein,keeps,fuller,longer,
carb,salt,garlic,bagel,chips,fresh,baked,foods,natural,sugar,high,protein,diabetic,friendly,carb,bagel,chips,amazon,
fans,knowingly,take,performance,enhancing,drugs,interesting,many,passed,failed,tests,many,people,innocently,contaminated,hope,proper,investigations,quick,
incidentally,preferable,dabbling,weight,loss,methods,like,fasting,meal,skipping,supplements,like,
walking,today,improved,drastically,taking,supplements,strengthen,immune,system,grateful,make,side,need,test,virus,gnarly,
muscle,building,supplements,take,
spike,proteins,dangerous,ones,body,produces,vaccinated,
combination,performance,enhancing,drugs,unnaturally,high,calorie,diet,lifting,weights,someday,ruin,joints,active,functioning,education,risks,life,important,
sandman,defiantly,performance,enhancing,drugs,
countries,raise,kids,performance,enhancing,drugs,need,psychologically,perform,become,adults,reality,prob,without,dope,
spend,good,amount,time,talking,performanceenhancing,drugs,
realizing,still,diets,without,eating,disorder,
success,story,remember,first,time,tried,eating,amazed,much,energy,good,felt,much,done,never,back,standard,american,diet,carb,
diet,coach,
assume,free,annual,supplements,stellar,original,designed,shelf,plugplay,published,text,
test,brady,performance,enhancing,drugs,played,horrible,year,back,playing,like,prime,young,brady,gobucs,
although,supplements,might,necessary,diet,
selling,gold,nutritional,supplements,audience,
thought,looks,like,whit,suddenly,difference,kidnapping,arrest,victimless,crimes,blurred,together,glass,spring,water,turned,diet,cola,sippy,
yeah,never,taken,performance,enhancing,drugs,
diet,morbidly,obese,suggesting,along,joint,supplements,mild,pain,meds,need,
sean,claims,asthmatic,takes,performance,enhancing,drugs,
internationally,competitive,supplements,cost,farmers,seen,protests,norway,seen,happened,lanka,guys,kidding,right,joke,government,forcing,farmers,kill,stock,afford,
many,carbs,enough,protein,
surprised,find,early,step,producing,vaccine,validating,production,target,protein,
completely,unique,supplements,since,criterion,opted,rays,criterion,certainly,best,bang,buck,want,
left,massive,tactical,advantage,attracting,postchristians,natural,sadists,short,term,least,performance,enhancing,drugs,politics,
favorite,protein,either,though,nothing,cajun,garlic,butter,injector,corndog,makes,turkey,edible,juicy,ever,hubby,coonass,cooking,machine,
alhaithem,likely,main,dendro,character,kaveh,definitely,shield,support,supplements,alhaithem,yaoyao,dendro,applier,like,nahida,less,application,small,healing,baizhu,either,massive,healer,provide,mech,
diet,window,weekend,cause,
whole,vegan,pizza,eaten,since,protein,30am,walked,miles,around,orleans,
skin,disease,andrew,huberman,tried,keto,diet,tried,keto,experience,like,recommend,
several,reasons,forbidden,scripture,abbreviate,diet,important,body,mind,nature,vegetarian,diet,shock,system,eating,cooked,induce,lust,eating,induce,rage,onions,damages,kidney,garlic,damages,
jacked,diet,
olympic,athletes,disqualified,using,performance,enhancing,drugs,representative,work,nobody,cares,steroids,really,pass,steroids,hard,work,yeah,shit,people,going,lmao,
gotta,protein,
diet,pero,araw,araw,cheat,amazing,
going,protein,
gargle,salt,water,stay,hydrated,zinc,supplements,boiron,homeopathic,supplements,
michelle,taken,meds,supplements,today,healing,energy,moar,hugs,
phasing,animal,agriculture,please,ipcc,greatest,shift,potential,come,switching,plantbased,diets,unep,world,needs,begin,rethinking,approaches,livestock,production,shifting,towards,plantrich,diets,
enjoy,good,food,good,health,benefits,protein,chicken,tuna,sardines,mackerel,salmon,clams,scallops,oysters,mussels,crab,crayfish,crawfish,lobster,like,share,comment,
diet,coke,
magnesium,supplements,milk,magnesia,really,want,done,quick,
course,drugs,used,label,point,data,still,important,label,effective,posology,ivermectin,treating,covid,drugs,supplements,need,given,dosages,
thought,getting,wondered,goldie,similar,reaction,special,kidney,diet,though,also,makes,drink,water,hope,gets,used,
regardless,assumption,overweight,septuagenerian,poor,diet,exercise,high,probability,making,
years,hard,work,regular,supplements,summo,vajra,king,shaolin,break,sabes,
trying,start,adding,little,muscle,eating,grams,protein,unbearable,hungry,
well,fair,hear,vegetable,protein,real,bone,enhancer,
stop,taking,supplements,supplements,toxic,ingredients,like,stearates,simply,wise,take,supplement,form,like,ascorbic,acid,nutrients,foods,much,possible,foodbased,supplements,needed,
course,drugs,used,label,point,data,still,important,label,effective,posology,ivermectin,treating,covid,drugs,supplements,need,given,dosages,
vibe,sure,
rogan,calls,rock,taking,performance,enhancing,drugs,newsbreak,
trending,bulksupplements,sports,nutrition,essential,part,good,fitness,plan,bulksupps,believes,important,athletes,active,adults,ensure,staying,hydrated,following,wellbalanced,diet,
essential,oils,learn,essentialoils,essentialoil,supplements,
eating,sushi,drinking,diet,coke,intake,today,
agree,much,said,still,lever,physicians,pull,make,difference,diet,lifestyle,interventions,really,work,long,term,
shots,limit,transmission,virus,came,shots,various,safety,risks,mrna,spike,proteins,stay,injection,site,need,boosters,every,months,forever,
monday,mission,build,cathedral,build,muscle,strength,build,confidence,build,team,build,tactics,build,leaders,drink,protein,shakes,howthewestwas1preparetobeexcellentbrickbybrick,
santa,clarita,diet,first,time,seen,
first,round,rent,supplements,youth,care,began,month,next,intake,spring,
guessing,paying,naturopath,taking,supplements,
injecting,100s,millions,genetic,sequence,engineered,spike,protein,concocted,chinese,military,complex,
like,make,british,person,diet,start,talking,school,shootings,
great,people,largernyandarua,county,come,visit,joro,orok,train,azolla,farming,cheaper,source,protein,meet,experts,spread,word,want,hungerfree,kenya,
change,steady,diet,high,heat,
gold,commodity,value,course,useful,electronics,supplements,currency,shiny,rock,reset,agitprop,meme,seem,know,thankfully,untrue,currency,country,primary,reason,country,
spike,protein,containing,highly,toxic,superantigen,toxin,motif,happens,furin,enzyme,cleave,happen,naturally,spike,
chlorophyll,water,yoni,steam,supplements,girls,help,
perfect,example,toned,skinny,skinny,protein,skip,workouts,girls,
facts,never,protein,goal,less,three,meals,
kenyan,distance,runners,test,positive,performanceenhancing,drugs,
wait,criterion,upcoming,include,supplements,francisthetalkingmule,skolimowski,remake,seven,popular,franchise,
choose,change,diets,travel,public,transport,private,cars,reality,wont,make,change,need,systemic,problem,therefore,requires,system,change,need,institutions,fossil,free,
feeling,worse,taking,iron,supplements,iron,supplements,soon,feel,better,question,many,people,wonder,read,learn,eatingenlightenment,
getting,diamant,work,little,temporary,stat,boost,things,basically,performance,enhancing,drugs,
made,tens,millions,dollars,selling,supplements,pays,ancestral,supplements,know,seller,gains,gear,
also,magnesium,supplements,take,
research,editorial,structural,dynamics,membrane,proteins,volume,molbiosci,
store,medications,supplements,ezcpak,need,plan,immune,support,join,theezcpakimmunitycommunity,sample,products,medicinecabinet,immunesupport,
high,protein,high,carb,moderate,basically,every,greek,yogurt,berries,eggs,breakfast,work,noon,chicken,rice,pasta,lunch,workout,meal,chicken,thigh,drumstick,dinner,almost,always,either,steak,salmon,
obviously,needs,kitchen,cupboard,version,protocol,people,infection,need,treat,asap,special,supplements,might,hard,sounds,turmeric,ghee,honey,bcaas,makes,pretty,kick,ketosis,starter,
made,immaculate,chicken,soup,protein,filled,sodium,
pcrs,rats,confused,test,positive,long,time,following,infection,detects,amplifies,viral,fragments,necessarily,live,virus,shedding,rats,detect,proteins,surface,viral,particles,active,infection,
dear,nick,forget,years,live,mind,destructive,going,introduce,supplements,middle,eastern,dietmediterranean,diet,organicextra,virgin,olive,natural,quercetin,omega3inflam,
research,editorial,structural,dynamics,membrane,proteins,volume,molbiosci,
realized,longer,bright,enough,bundle,outside,still,sufficient,pulling,lamp,upping,supplements,sigh,
tracking,protein,finding,vegan,sources,difficult,doable,like,kirkland,brand,hemp,hearts,costco,tbsp,cereal,plus,milk,protein,breakfast,
apologized,take,took,banned,listed,still,system,tested,allegedlywhich,stands,proof,taken,performance,enhancing,drugs,prior,banned,
using,performance,enhancing,drugs,
thoughts,chatgpt,like,codex,performance,enhancing,drugs,knows,every,verbal,programming,language,
seeds,smash,capsules,supplements,already,assembled,tested,pakistan,
homesteadermasculinity,diet,looks,like,market,stall,chinese,market,maybe,brains,organs,meat,dodgy,milk,
heard,thing,using,almond,milk,protein,shakes,look,also,understand,half,potential,customer,base,trying,market,juice,
instructs,body,make,protein,induce,immune,response,instructs,body,create,spike,protein,either,incorrect,partially,correct,said,mention,anything,downgrading,merely,spike,protein,created,
fierce,loyal,wolves,becomes,tiny,pampered,chokes,death,breath,needs,fibre,supplements,love,feral,cats,become,domestic,cats,tinned,tuna,pats,fucking,
watching,people,post,losing,pounds,weeks,taking,weight,loss,supplements,detoxing,frightening,
worked,months,supplements,game,
fruit,take,fiber,supplements,regularly,shit,twice,shits,small,ones,medium,sized,
banned,sports,team,take,performance,enhancing,drugs,
introduced,diagnosed,type,diabetes,gist,whenever,meal,half,filled,starchy,vegetables,quarter,carbs,preferably,wholegrain,quarter,lean,proteins,
infamous,invisalign,diet,
good,jobb,similar,issue,going,mayo,walked,mayo,protein,bars,even,though,tempted,bagels,cream,cheese,cream,cereal,
weightloss,increasemetabolismafterjuicefast,increasemetabolismreduceappetite,supplements,contain,seems,like,many,different,ingredients,possible,
iron,supplements,
looks,like,athletes,trying,bigger,faster,stronger,fail,breakfast,drink,fluid,sleep,hours,nightly,postworkout,meal,prioritize,real,food,supplements,enough,calories,support,daily,energy,training,
like,high,quality,protein,shakes,back,drink,everyday,
body,detox,made,easy,detox,program,health,
happy,improved,health,diet,works,seen,many,similar,stories,specifically,people,issues,diabetes,
vitamin,zinc,significant,part,stayed,asymptomatic,covid,helped,high,risk,parents,mild,disease,important,supplements,include,quercetin,beneficial,effect,taken,zinc,vitamin,
maximum,sports,nutrition,xtreme,shredz,using,promo,code,checkout,visit,today,preworkout,supplements,fatburner,weightloss,workout,prohormones,sarms,steroids,fitness,exercise,vitamins,testosterone,
hills,prescription,diet,food,
performance,enhancing,drugs,
like,drugs,americans,prescribed,supplements,best,remedies,always,specific,diets,fasting,supplements,needed,
feeling,like,need,justify,using,performance,enhancing,drugs,telling,everyone,hard,still,work,lame,want,shameless,chest,
duteechand,breaks,silence,dope,allegations,never,touched,used,kind,performance,enhancing,drugs,
random,coffeeline,autistic,physician,psychologist,therapist,caregiver,confidently,mansplain,autism,overdiagnosed,lack,discipline,healthy,diet,problem,goaway,leavemypatientsalone,theaudacity,
gatekeeping,disadvantaged,identities,performance,enhancing,drugs,oppression,olympics,
great,burger,diet,healthy,
good,stuff,performanceenhancing,drugs,sports,life,
gcse,presenting,findings,performance,enhancing,drugs,class,today,dcoracy,speakinglikeaspecialist,dcsport,
heard,suramin,pine,needle,detox,spike,proteins,
balanced,diet,
facts,facts,without,actually,receiving,direct,financial,support,forced,stricter,diet,nothing,lose,
understand,also,make,toward,likelihood,using,performance,enhancing,drugs,also,fact,something,blood,ukraine,soldiers,labs,used,
vegan,diet,stunted,
zero,explanation,substance,contaminated,supplement,especially,legal,supplements,buying,black,market,
journal,physiology,biochemistry,dynamic,changes,hepatic,methylation,development,nonalcoholic,fatty,liver,disease,induced,highsugar,diet,highsugar,epigenetic,dnamethylation,nafld,
trust,vegan,extra,overweight,indicative,diet,vegan,three,years,processed,foods,size,zero,vegan,vegans,parents,also,pawns,
energy,haskell,need,take,rust,programmers,performance,enhancing,drugs,
jack,hughes,gonna,tested,performance,enhancing,drugs,tomorrow,
find,type,protein,need,damn,
pack,quest,nutrition,blueberry,muffin,protein,bars,coupon,page,must,select,save,lowest,price,cancel,subscription,item,ships,
need,supplements,multivitamins,
michelle,took,evening,supplements,hope,taken,morning,ones,healing,energy,moar,hugs,
supplements,using,
true,though,diet,back,pizzas,
wish,write,book,since,soooo,many,studies,support,hypothesis,plan,writing,update,point,looking,protein,restriction,longevity,retract,book,nope,
endorphins,magnesium,supplements,seasonal,depression,year,
interesting,hear,women,competing,levels,sport,truly,evaluate,impact,trans,competitors,something,experienced,heard,much,apart,high,profile,cases,performance,enhancing,drugs,level,sport,problem,
steady,diet,paint,chips,whipped,mercury,
athletics,olympic,hero,peter,fails,drugs,test,sydney,morning,herald,australian,olympic,hero,peter,provisionally,suspended,failing,test,performanceenhancing,drugs,
thing,almost,like,diet,alone,started,less,junk,stopped,soda,follow,diet,learned,know,body,satisfied,eating,
play,ttrpgs,always,rule,make,sense,item,made,class,powerful,mechanics,make,combat,drag,best,friend,decided,form,neuron,games,make,supplements,make,sense,
never,forget,methylfolate,magnesium,glycanate,milk,thistle,ubiquinolubiquinone,arginine,beet,measure,reactive,protein,homocysteine,dimer,troponins,endocrinologist,workup,pituitary,function,cologuard,test,echocardiagram,stress,test,dexa,
gonna,natural,baby,bottle,water,supplements,
ribosomal,processing,protein,phosphatase,holoenzyme,reveals,canonical,interaction,motifs,
giving,children,performance,enhancing,drugs,mistake,breed,
well,might,take,short,story,people,keto,diet,lose,weight,experiment,brain,chemistry,suffered,brain,like,years,reasons,high,disposition,fear,alzheimer,
starting,point,understand,makes,makes,protein,everybody,modern,biology,understands,central,dogma,going,
adore,darling,
protein,donuts,
doctors,reveal,favorite,home,remedies,bronchitisfrom,sipping,supplements,medications,cough,
blood,work,results,test,results,nightmare,cancer,high,blood,pressure,high,cholesterol,protein,levels,verge,heart,attack,stroke,literally,dying,protein,time,period,good,
bullshit,internet,access,computer,phone,ability,supplements,obviously,first,world,education,stores,food,literally,capitalism,
according,20gs,protein,serving,srvgs,make,rice,separate,soaks,liquid,gross,stored,together,sometimes,heaping,plate,veggies,separate,everyone,made,asked,recipe,
removed,diet,
ways,microchimerism,happens,women,open,womb,seminal,fluid,protein,changes,many,gene,expressions,woman,causing,detrimental,changes,immune,system,talking,science,opinions,
packers,playing,inspired,like,took,performance,enhancing,drugs,
saying,salads,part,diet,
adorable,another,passed,easter,morning,shelter,bunnies,much,good,child,diet,crucial,
cherry,diet,mountain,national,anthem,west,coast,video,games,million,dollar,doin,time,estas,solo,est√°n,heaven,serial,killer,races,boss,daddy,want,movie,cuentas,parecen,
exercise,always,exercised,obviously,variable,changed,getting,protein,zinc,iron,things,meat,eating,probable,cases,disorders,malnutrition,
susceptible,lured,promises,various,supplements,
literally,take,vitamin,supplements,daily,still,deficient,going,kill,fight,
thats,good,time,diet,
performanceenhancing,drugs,cricket,
beans,nutrition,health,benefits,preparation,menus,diet,complexfiber,sharedfacts,
quick,reminder,regular,guest,bull,garage,father,number,driver,verstappen,accused,lewis,hamilton,taking,performance,enhancing,drugs,pally,physio,mental,health,matter,
belong,diet,
famotidine,omeprazole,rather,developed,esophagitis,reflux,away,even,extensive,diet,changes,think,dysfunction,
source,protein,
wanna,start,taking,supplements,vitamins,want,nails,hair,growing,
somebody,told,fixed,adhd,cutting,food,coloring,diet,
last,diet,back,grind,miami,weeks,
cuddle,tipz,performance,enhancing,drugs,legal,weed,booze,
high,protein,diet,protein,satiating,carbs,full,less,food,maintain,moderate,weight,crash,diet,slowly,lose,weight,overtime,keep,ghrelin,caffeine,caffeine,satiating,curbs,hunger,levels,
eating,enough,protein,
work,gonna,diet,baja,blast,
powerful,information,health,come,along,long,time,mental,health,closely,linked,diet,helps,explain,huge,rise,mental,health,issues,past,many,decades,
throw,bird,feeders,giving,lucky,bird,little,protein,caffeine,buzz,boot,
regardless,assumption,overweight,septuagenerian,poor,diet,exercise,high,probability,making,
count,yumove,joint,supplements,must,select,save,lowest,price,cancel,subscription,item,ships,
designed,smokers,also,totally,forgot,diet,
called,juan,dixon,diet,carlos,boozer,
experiencie,miss,keto,cured,fatty,liver,metabolic,syndrome,diabetes,type,though,still,keep,sort,carb,approach,diet,developed,kind,pseudoaddison,better,siberian,ginseng,
mediterranean,diet,olives,greek,salad,grilled,fish,
great,diet,nothing,worse,little,bits,salt,stuck,nail,varnish,mention,grease,
changing,diet,
smoothie,equals,cups,upon,blending,protein,shake,protein,protein,powder,serving,protein,90mg,caffeine,
antitox,liquid,remedies,homeopathic,liquid,dietary,supplements,
lady,doth,protest,much,methinks,worried,much,people,think,take,test,neutral,party,certainly,many,start,bragging,hater,vegetable,protein,
need,extreme,good,alternatives,create,varied,complete,eating,plan,using,meat,plantbased,proteins,
supplements,improve,diet,everyone,concerned,underweight,frail,weak,literally,every,people,telling,need,lose,burst,tears,today,everyday,torture,
bother,dietary,supplements,heart,health,study,says,
look,minutes,later,believe,accomplished,become,accustomed,multitasking,start,singletasking,almost,feel,like,performanceenhancing,drugs,
peds,performance,enhancing,drugs,ethical,issues,sport,
mate,bots,fucking,performance,enhancing,drugs,proxy,chefs,kiss,favorite,giving,enemy,bogus,call,outs,fight,
please,skip,fact,challenges,make,diet,exercise,changes,complex,comorbidities,exponentially,factors,less,move,play,
cheng,vegetarian,food,issues,allergy,alert,undeclared,protein,vegan,drumsticks,
crocodile,tears,hgdef,supporters,including,diet,hgdefs,known,online,story,evertime,catch,case,cracking,reopening,asylum,files,sincerity,know,well,
well,kinda,using,performanceenhancing,drugs,honestly,usually,pretty,morose,
starting,take,supplements,tomorrow,
finally,love,spend,winter,break,prepping,started,first,thing,plan,book,page,protectors,keep,safe,also,prepare,supplements,christmasgift,teachers,christmas,kindness,
like,vitamins,minerals,supplements,amazon,salesrank,probiotics,women,organic,prebi,daily,probiotics,women,probiotic,supplement,women,
protein,good,face,heard,
lack,aminoacid,constraint,orf3a,makes,poor,drug,target,similar,maps,mutation,effects,proteins,strong,constraint,design,drug,protein,want,target,constrained,regions,
healthy,person,hyperinsulinemia,give,hypertension,salt,require,sodium,consumption,practically,possible,nausea,hypertensionsame,possible,much,protein,theory,practically,possible,
thing,made,sense,diet,like,healthy,normal,like,edtwt,disordered,
cellucor,performance,protein,powder,molten,chocolate,gluten,free,post,worko,ounce,
many,documented,studies,name,various,natural,supplements,significantly,helped,dissolve,prevent,blood,clots,name,days,anyone,interested,
last,week,college,supplements,gonna,kick,finishing,friday,
player,banned,demon,list,using,performance,enhancing,drugs,estrogen,
world,fuck,depressed,babies,
performance,enhancing,drugs,
fair,probably,performance,enhancing,drugs,
nugenix,thermo,thermogenic,burner,supplement,extreme,metabolic,accelerator,count,testosterone,menshealth,deals,supplements,
performance,enhancing,drugs,
banana,diet,accountability,lmfao,burnt,intake,large,banana,water,
gotta,back,drinking,protein,shakes,
january,press,release,number,stats,source,decennial,censuses,current,population,survey,annual,social,economic,supplements,
might,read,think,anti,supplements,truth,supplements,place,great,boosts,healthy,lifestyle,
also,hack,folks,gotten,memo,treat,body,professional,athlete,sleep,hydrated,drink,alcohol,drugs,regiment,performanceenhancing,drugs,
damn,right,grooming,hate,judge,anyone,different,actual,sins,christianity,please,back,flogging,diet,gummies,
drinking,water,changing,diet,saving,money,tapping,goals,giving,time,
quite,enjoyed,want,regular,part,diet,
working,everyday,eating,protein,scared,weigh,trying,skinny,
cambridge,diet,kicks,week,calorie,phase,made,shakes,soups,bars,sustainable,importantly,safe,
temporary,triumph,worth,young,girls,worked,hard,want,immediate,glorysatisfactionadults,supposed,guide,making,better,choices,drugs,outlawed,like,performance,enhancing,drugs,
went,doctor,yesterday,turns,perpetually,crying,time,affecting,actually,physical,health,knew,tips,tricking,body,content,reading,bible,trying,focus,thinking,supplements,
questions,booze,dietanswered,
believe,science,vegan,diet,
check,steroids,event,providing,services,people,using,image,performance,enhancing,drugs,organised,aims,bring,together,harmreduction,practitioners,iped,community,build,knowledgesharing,network,
bairn,biologics,bairn,biologics,manufacturer,professional,line,holistic,supplements,sold,exclusively,licensed,health,care,providers,consultation,
protein,powder,peanut,butter,protein,balls,grams,protein,ball,recipe,
keepin,siiiiimple,calories,protein,carbs,activity,today,made,hobo,hamburger,helper,ground,beef,
make,sure,people,trying,best,give,performance,enhancing,drugs,
actually,size,damned,difficult,protein,need,throughout,hungry,every,broken,appetite,
others,thank,shots,paxlovid,saving,thank,strong,immune,system,good,health,saving,sleep,nutrition,supplements,exercise,fasting,vices,antivirals,might,exposed,never,infected,unknown,side,effects,
family,friends,support,weight,loss,success,health,weightloss,diet,loseweight,fitness,
velvet,white,chocolate,chip,protein,donuts,
medical,advice,biochemist,recommend,loading,foods,contain,omega,omega,fatty,acids,also,hawthorn,crataegus,supplements,starters,treatment,recommendations,next,weeksplease,stay,tuned,
